passenger,evg,modal
1,0.916666667,0.96
2,0.333333333,0.42
3,0.833333333,0.61
4,0.916666,0.92
5,0.5,0.37
6,0.333,0.42
7,1,0.96
8,0.083333333,0.1
9,0.833333333,0.92
10,0.166666667,0.15
