passenger,evg
1,0.666666667
2,0.5
3,0.583333333
4,0.416666667
5,0.666666667
6,0.333333333
7,0.25
8,0.416666667
9,0.5
10,0.333333333
