passenger,evg
1,0.333333333
2,0.583333333
3,0.666666667
4,0.416666667
5,0.5
6,0.333333333
7,0.666666667
8,0.5
9,0.75
10,0.5
