passenger,evg,modal
1,0.75,0.96
2,0.333333333,0.27
3,0.416666667,0.37
4,0.75,0.92
5,0.416666667,0.3
6,0.5,0.56
7,0.333333333,0.15
8,0.416666667,0.37
9,0.666666667,0.76
10,0.5,0.83
